{
  "feature_names": [
    "packet_number",
    "packet_length",
    "is_icmp",
    "source_ip_frequency",
    "destination_ip_frequency",
    "packet_length_sq",
    "packet_length_log",
    "proto_icmp",
    "source_ip_frequency_log",
    "destination_ip_frequency_log",
    "packet_length_w5_mean",
    "packet_length_w5_std",
    "packet_length_w5_min",
    "packet_length_w5_max",
    "packet_length_w5_range",
    "packet_length_w10_mean",
    "packet_length_w10_std",
    "packet_length_w10_min",
    "packet_length_w10_max",
    "packet_length_w10_range",
    "packet_length_w30_mean",
    "packet_length_w30_std",
    "packet_length_w30_min",
    "packet_length_w30_max",
    "packet_length_w30_range",
    "packet_length_zscore",
    "src_ip_concentration",
    "protocol_entropy_w30",
    "burstiness_index",
    "traffic_density",
    "connection_freq_w10"
  ],
  "col_medians": {
    "f0": 2.0,
    "f1": 1010.0,
    "f2": 0.0,
    "f3": 0.0,
    "f4": 64.0,
    "f5": 0.0,
    "f6": 0.0,
    "f7": 4.0,
    "f8": 0.0,
    "f9": 0.0,
    "f10": 1.0,
    "f11": 2.0,
    "f12": 2.0,
    "f13": 16.0,
    "f14": 0.0,
    "f15": 0.0,
    "f16": 1020100.0,
    "f17": 6.918695449829102,
    "f18": 0.0,
    "f19": 1.0,
    "f20": 0.0,
    "f21": 1.0,
    "f22": 0.0,
    "f23": 0.0,
    "f24": 1.0,
    "f25": 0.0,
    "f26": 0.0,
    "f27": 1.0986123085021973,
    "f28": 1.0986123085021973,
    "f29": -0.8660253882408142,
    "f30": -0.5,
    "f31": 0.0,
    "f32": 0.0,
    "f33": 0.0,
    "f34": 0.0,
    "f35": 0.0,
    "f36": 0.0,
    "f37": 972.6666870117188,
    "f38": 384.66607666015625,
    "f39": 466.0,
    "f40": 1010.0,
    "f41": 544.0,
    "f42": 0.0,
    "f43": 0.0,
    "f44": 0.0,
    "f45": 0.0,
    "f46": 0.0,
    "f47": 0.0,
    "f48": 0.0,
    "f49": 0.0,
    "f50": 0.0,
    "f51": 0.0,
    "f52": 64.0,
    "f53": 0.0,
    "f54": 64.0,
    "f55": 64.0,
    "f56": 0.0,
    "f57": 972.6666870117188,
    "f58": 384.66607666015625,
    "f59": 466.0,
    "f60": 1010.0,
    "f61": 544.0,
    "f62": 0.0,
    "f63": 0.0,
    "f64": 0.0,
    "f65": 0.0,
    "f66": 0.0,
    "f67": 0.0,
    "f68": 0.0,
    "f69": 0.0,
    "f70": 0.0,
    "f71": 0.0,
    "f72": 64.0,
    "f73": 0.0,
    "f74": 64.0,
    "f75": 64.0,
    "f76": 0.0,
    "f77": 972.6666870117188,
    "f78": 384.66607666015625,
    "f79": 466.0,
    "f80": 1010.0,
    "f81": 544.0,
    "f82": 0.0,
    "f83": 0.0,
    "f84": 0.0,
    "f85": 0.0,
    "f86": 0.0,
    "f87": 0.0,
    "f88": 0.0,
    "f89": 0.0,
    "f90": 0.0,
    "f91": 0.0,
    "f92": 64.0,
    "f93": 0.0,
    "f94": 64.0,
    "f95": 64.0,
    "f96": 0.0,
    "f97": 0.0763353779911995,
    "f98": 0.0,
    "f99": 0.0,
    "f100": 0.0,
    "f101": 1.0,
    "f102": 1.0,
    "f103": 0.5,
    "f104": 0.9182958602905273,
    "f105": 200.49864196777344,
    "f106": 0.6745260953903198,
    "f107": 0.0,
    "f108": 2.0,
    "f109": 0.0,
    "f110": 0.0
  },
  "iqr_bounds": {
    "f0": [
      -5.0,
      9.0
    ],
    "f1": [
      -2462.0,
      4370.0
    ],
    "f2": [
      0.0,
      0.0
    ],
    "f3": [
      0.0,
      0.0
    ],
    "f4": [
      64.0,
      64.0
    ],
    "f5": [
      0.0,
      0.0
    ],
    "f6": [
      0.0,
      0.0
    ],
    "f7": [
      4.0,
      4.0
    ],
    "f8": [
      0.0,
      0.0
    ],
    "f9": [
      0.0,
      0.0
    ],
    "f10": [
      -3.0,
      4.0
    ],
    "f11": [
      -2.0,
      5.0
    ],
    "f12": [
      -2.0,
      5.0
    ],
    "f13": [
      16.0,
      16.0
    ],
    "f14": [
      0.0,
      0.0
    ],
    "f15": [
      0.0,
      0.0
    ],
    "f16": [
      -5369468.0,
      7665988.0
    ],
    "f17": [
      2.7618794441223145,
      10.658929347991943
    ],
    "f18": [
      0.0,
      0.0
    ],
    "f19": [
      1.0,
      1.0
    ],
    "f20": [
      0.0,
      0.0
    ],
    "f21": [
      1.0,
      1.0
    ],
    "f22": [
      0.0,
      0.0
    ],
    "f23": [
      0.0,
      0.0
    ],
    "f24": [
      -3.0,
      4.0
    ],
    "f25": [
      0.0,
      0.0
    ],
    "f26": [
      0.0,
      0.0
    ],
    "f27": [
      -0.5232481956481934,
      2.3150076866149902
    ],
    "f28": [
      -0.5232481956481934,
      2.3150076866149902
    ],
    "f29": [
      -0.8660253882408142,
      -0.8660253882408142
    ],
    "f30": [
      -0.5,
      -0.5
    ],
    "f31": [
      0.0,
      0.0
    ],
    "f32": [
      0.0,
      0.0
    ],
    "f33": [
      0.0,
      0.0
    ],
    "f34": [
      0.0,
      0.0
    ],
    "f35": [
      0.0,
      0.0
    ],
    "f36": [
      0.0,
      0.0
    ],
    "f37": [
      -78.0,
      1826.0
    ],
    "f38": [
      -1467.2095642089844,
      1956.2794189453125
    ],
    "f39": [
      -1166.0,
      2642.0
    ],
    "f40": [
      -286.0,
      2738.0
    ],
    "f41": [
      -2928.0,
      3904.0
    ],
    "f42": [
      0.0,
      0.0
    ],
    "f43": [
      0.0,
      0.0
    ],
    "f44": [
      0.0,
      0.0
    ],
    "f45": [
      0.0,
      0.0
    ],
    "f46": [
      0.0,
      0.0
    ],
    "f47": [
      0.0,
      0.0
    ],
    "f48": [
      0.0,
      0.0
    ],
    "f49": [
      0.0,
      0.0
    ],
    "f50": [
      0.0,
      0.0
    ],
    "f51": [
      0.0,
      0.0
    ],
    "f52": [
      64.0,
      64.0
    ],
    "f53": [
      0.0,
      0.0
    ],
    "f54": [
      64.0,
      64.0
    ],
    "f55": [
      64.0,
      64.0
    ],
    "f56": [
      0.0,
      0.0
    ],
    "f57": [
      -78.0,
      1826.0
    ],
    "f58": [
      -1467.2095642089844,
      1956.2794189453125
    ],
    "f59": [
      -1166.0,
      2642.0
    ],
    "f60": [
      -286.0,
      2738.0
    ],
    "f61": [
      -2928.0,
      3904.0
    ],
    "f62": [
      0.0,
      0.0
    ],
    "f63": [
      0.0,
      0.0
    ],
    "f64": [
      0.0,
      0.0
    ],
    "f65": [
      0.0,
      0.0
    ],
    "f66": [
      0.0,
      0.0
    ],
    "f67": [
      0.0,
      0.0
    ],
    "f68": [
      0.0,
      0.0
    ],
    "f69": [
      0.0,
      0.0
    ],
    "f70": [
      0.0,
      0.0
    ],
    "f71": [
      0.0,
      0.0
    ],
    "f72": [
      64.0,
      64.0
    ],
    "f73": [
      0.0,
      0.0
    ],
    "f74": [
      64.0,
      64.0
    ],
    "f75": [
      64.0,
      64.0
    ],
    "f76": [
      0.0,
      0.0
    ],
    "f77": [
      -78.0,
      1826.0
    ],
    "f78": [
      -1467.2095642089844,
      1956.2794189453125
    ],
    "f79": [
      -1166.0,
      2642.0
    ],
    "f80": [
      -286.0,
      2738.0
    ],
    "f81": [
      -2928.0,
      3904.0
    ],
    "f82": [
      0.0,
      0.0
    ],
    "f83": [
      0.0,
      0.0
    ],
    "f84": [
      0.0,
      0.0
    ],
    "f85": [
      0.0,
      0.0
    ],
    "f86": [
      0.0,
      0.0
    ],
    "f87": [
      0.0,
      0.0
    ],
    "f88": [
      0.0,
      0.0
    ],
    "f89": [
      0.0,
      0.0
    ],
    "f90": [
      0.0,
      0.0
    ],
    "f91": [
      0.0,
      0.0
    ],
    "f92": [
      64.0,
      64.0
    ],
    "f93": [
      0.0,
      0.0
    ],
    "f94": [
      64.0,
      64.0
    ],
    "f95": [
      64.0,
      64.0
    ],
    "f96": [
      0.0,
      0.0
    ],
    "f97": [
      -7.0228546261787415,
      6.946519255638123
    ],
    "f98": [
      0.0,
      0.0
    ],
    "f99": [
      0.0,
      0.0
    ],
    "f100": [
      0.0,
      0.0
    ],
    "f101": [
      1.0,
      1.0
    ],
    "f102": [
      1.0,
      1.0
    ],
    "f103": [
      -2.199999988079071,
      3.3999999910593033
    ],
    "f104": [
      -3.000000005770781,
      4.000000004328086
    ],
    "f105": [
      -737.7327117919922,
      983.6436157226562
    ],
    "f106": [
      -4.751073002815247,
      6.334764003753662
    ],
    "f107": [
      0.0,
      0.0
    ],
    "f108": [
      -5.0,
      9.0
    ],
    "f109": [
      0.0,
      0.0
    ],
    "f110": [
      0.0,
      0.0
    ]
  },