{
  "feature_names": [
    "packet_number",
    "packet_length",
    "is_icmp",
    "source_ip_frequency",
    "destination_ip_frequency",
    "packet_length_sq",
    "packet_length_log",
    "proto_icmp",
    "source_ip_frequency_log",
    "destination_ip_frequency_log",
    "packet_length_w5_mean",
    "packet_length_w5_std",
    "packet_length_w5_min",
    "packet_length_w5_max",
    "packet_length_w5_range",
    "packet_length_w10_mean",
    "packet_length_w10_std",
    "packet_length_w10_min",
    "packet_length_w10_max",
    "packet_length_w10_range",
    "packet_length_w30_mean",
    "packet_length_w30_std",
    "packet_length_w30_min",
    "packet_length_w30_max",
    "packet_length_w30_range",
    "packet_length_zscore",
    "src_ip_concentration",
    "protocol_entropy_w30",
    "burstiness_index",
    "traffic_density",
    "connection_freq_w10"
  ],
  "col_medians": {
    "f0": 2.0,
    "f1": 1010.0,
    "f2": 0.0,
    "f3": 0.0,
    "f4": 64.0,
    "f5": 0.0,
    "f6": 0.0,
    "f7": 4.0,
    "f8": 0.0,
    "f9": 0.0,
    "f10": 1.0,
    "f11": 2.0,
    "f12": 2.0,
    "f13": 18.0,
    "f14": 0.0,
    "f15": 0.0,
    "f16": 1020100.0,
    "f17": 6.918695449829102,
    "f18": 0.0,
    "f19": 1.0,
    "f20": 0.0,
    "f21": 1.0,
    "f22": 0.0,
    "f23": 0.0,
    "f24": 1.0,
    "f25": 0.0,
    "f26": 0.0,
    "f27": 1.0986123085021973,
    "f28": 1.0986123085021973,
    "f29": -1.0,
    "f30": -1.8369701465288538e-16,
    "f31": 0.0,
    "f32": 0.0,
    "f33": 0.0,
    "f34": 0.0,
    "f35": 0.0,
    "f36": 0.0,
    "f37": 972.6666870117188,
    "f38": 384.66607666015625,
    "f39": 466.0,
    "f40": 1010.0,
    "f41": 544.0,
    "f42": 0.0,
    "f43": 0.0,
    "f44": 0.0,
    "f45": 0.0,
    "f46": 0.0,
    "f47": 0.0,
    "f48": 0.0,
    "f49": 0.0,
    "f50": 0.0,
    "f51": 0.0,
    "f52": 64.0,
    "f53": 0.0,
    "f54": 64.0,
    "f55": 64.0,
    "f56": 0.0,
    "f57": 972.6666870117188,
    "f58": 384.66607666015625,
    "f59": 466.0,
    "f60": 1010.0,
    "f61": 544.0,
    "f62": 0.0,
    "f63": 0.0,
    "f64": 0.0,
    "f65": 0.0,
    "f66": 0.0,
    "f67": 0.0,
    "f68": 0.0,
    "f69": 0.0,
    "f70": 0.0,
    "f71": 0.0,
    "f72": 64.0,
    "f73": 0.0,
    "f74": 64.0,
    "f75": 64.0,
    "f76": 0.0,
    "f77": 972.6666870117188,
    "f78": 384.66607666015625,
    "f79": 466.0,
    "f80": 1010.0,
    "f81": 544.0,
    "f82": 0.0,
    "f83": 0.0,
    "f84": 0.0,
    "f85": 0.0,
    "f86": 0.0,
    "f87": 0.0,
    "f88": 0.0,
    "f89": 0.0,
    "f90": 0.0,
    "f91": 0.0,
    "f92": 64.0,
    "f93": 0.0,
    "f94": 64.0,
    "f95": 64.0,
    "f96": 0.0,
    "f97": 0.0763353779911995,
    "f98": 0.0,
    "f99": 0.0,
    "f100": 0.0,
    "f101": 1.0,
    "f102": 1.0,
    "f103": 0.5,
    "f104": 0.9182958602905273,
    "f105": 200.49864196777344,
    "f106": 0.6745260953903198,
    "f107": 0.0,
    "f108": 2.0,
    "f109": 0.0,
    "f110": 0.0
  },
  "iqr_bounds": {
    "f0": [
      -1.5,
      5.5
    ],
    "f1": [
      -726.0,
      2690.0
    ],
    "f2": [
      0.0,
      0.0
    ],
    "f3": [
      0.0,
      0.0
    ],
    "f4": [
      64.0,
      64.0
    ],
    "f5": [
      0.0,
      0.0
    ],
    "f6": [
      0.0,
      0.0
    ],
    "f7": [
      4.0,
      4.0
    ],
    "f8": [
      0.0,
      0.0
    ],
    "f9": [
      0.0,
      0.0
    ],
    "f10": [
      -1.0,
      2.5
    ],
    "f11": [
      0.0,
      3.5
    ],
    "f12": [
      0.0,
      3.5
    ],
    "f13": [
      18.0,
      18.0
    ],
    "f14": [
      0.0,
      0.0
    ],
    "f15": [
      0.0,
      0.0
    ],
    "f16": [
      -2174684.0,
      4343044.0
    ],
    "f17": [
      4.840287446975708,
      8.788812398910522
    ],
    "f18": [
      0.0,
      0.0
    ],
    "f19": [
      1.0,
      1.0
    ],
    "f20": [
      0.0,
      0.0
    ],
    "f21": [
      1.0,
      1.0
    ],
    "f22": [
      0.0,
      0.0
    ],
    "f23": [
      0.0,
      0.0
    ],
    "f24": [
      -1.0,
      2.5
    ],
    "f25": [
      0.0,
      0.0
    ],
    "f26": [
      0.0,
      0.0
    ],
    "f27": [
      0.28768205642700195,
      1.7068099975585938
    ],
    "f28": [
      0.28768205642700195,
      1.7068099975585938
    ],
    "f29": [
      -1.0,
      -1.0
    ],
    "f30": [
      -1.8369701465288538e-16,
      -1.8369701465288538e-16
    ],
    "f31": [
      0.0,
      0.0
    ],
    "f32": [
      0.0,
      0.0
    ],
    "f33": [
      0.0,
      0.0
    ],
    "f34": [
      0.0,
      0.0
    ],
    "f35": [
      0.0,
      0.0
    ],
    "f36": [
      0.0,
      0.0
    ],
    "f37": [
      447.3333435058594,
      1399.3333435058594
    ],
    "f38": [
      -541.2717437744141,
      1170.4727478027344
    ],
    "f39": [
      -350.0,
      1554.0
    ],
    "f40": [
      362.0,
      1874.0
    ],
    "f41": [
      -1192.0,
      2224.0
    ],
    "f42": [
      0.0,
      0.0
    ],
    "f43": [
      0.0,
      0.0
    ],
    "f44": [
      0.0,
      0.0
    ],
    "f45": [
      0.0,
      0.0
    ],
    "f46": [
      0.0,
      0.0
    ],
    "f47": [
      0.0,
      0.0
    ],
    "f48": [
      0.0,
      0.0
    ],
    "f49": [
      0.0,
      0.0
    ],
    "f50": [
      0.0,
      0.0
    ],
    "f51": [
      0.0,
      0.0
    ],
    "f52": [
      64.0,
      64.0
    ],
    "f53": [
      0.0,
      0.0
    ],
    "f54": [
      64.0,
      64.0
    ],
    "f55": [
      64.0,
      64.0
    ],
    "f56": [
      0.0,
      0.0
    ],
    "f57": [
      447.3333435058594,
      1399.3333435058594
    ],
    "f58": [
      -541.2717437744141,
      1170.4727478027344
    ],
    "f59": [
      -350.0,
      1554.0
    ],
    "f60": [
      362.0,
      1874.0
    ],
    "f61": [
      -1192.0,
      2224.0
    ],
    "f62": [
      0.0,
      0.0
    ],
    "f63": [
      0.0,
      0.0
    ],
    "f64": [
      0.0,
      0.0
    ],
    "f65": [
      0.0,
      0.0
    ],
    "f66": [
      0.0,
      0.0
    ],
    "f67": [
      0.0,
      0.0
    ],
    "f68": [
      0.0,
      0.0
    ],
    "f69": [
      0.0,
      0.0
    ],
    "f70": [
      0.0,
      0.0
    ],
    "f71": [
      0.0,
      0.0
    ],
    "f72": [
      64.0,
      64.0
    ],
    "f73": [
      0.0,
      0.0
    ],
    "f74": [
      64.0,
      64.0
    ],
    "f75": [
      64.0,
      64.0
    ],
    "f76": [
      0.0,
      0.0
    ],
    "f77": [
      447.3333435058594,
      1399.3333435058594
    ],
    "f78": [
      -541.2717437744141,
      1170.4727478027344
    ],
    "f79": [
      -350.0,
      1554.0
    ],
    "f80": [
      362.0,
      1874.0
    ],
    "f81": [
      -1192.0,
      2224.0
    ],
    "f82": [
      0.0,
      0.0
    ],
    "f83": [
      0.0,
      0.0
    ],
    "f84": [
      0.0,
      0.0
    ],
    "f85": [
      0.0,
      0.0
    ],
    "f86": [
      0.0,
      0.0
    ],
    "f87": [
      0.0,
      0.0
    ],
    "f88": [
      0.0,
      0.0
    ],
    "f89": [
      0.0,
      0.0
    ],
    "f90": [
      0.0,
      0.0
    ],
    "f91": [
      0.0,
      0.0
    ],
    "f92": [
      64.0,
      64.0
    ],
    "f93": [
      0.0,
      0.0
    ],
    "f94": [
      64.0,
      64.0
    ],
    "f95": [
      64.0,
      64.0
    ],
    "f96": [
      0.0,
      0.0
    ],
    "f97": [
      -3.4732597172260284,
      3.511427380144596
    ],
    "f98": [
      0.0,
      0.0
    ],
    "f99": [
      0.0,
      0.0
    ],
    "f100": [
      0.0,
      0.0
    ],
    "f101": [
      1.0,
      1.0
    ],
    "f102": [
      1.0,
      1.0
    ],
    "f103": [
      -0.8500000238418579,
      1.9500000178813934
    ],
    "f104": [
      -1.0408520698547363,
      2.4591479301452637
    ],
    "f105": [
      -268.6170349121094,
      592.0711288452148
    ],
    "f106": [
      -2.0382734537124634,
      3.504645049571991
    ],
    "f107": [
      0.0,
      0.0
    ],
    "f108": [
      -1.5,
      5.5
    ],